,BOX,DEX,SFX,POX,WDX,CRX,SDX,LVX,SEX,LXX,MIX,PHX,CHX,TPX,MNX,DAX,DNX,ATX,CEX
1987-01-01,70.27,,46.96,41.3,64.41,63.56,54.79,66.42,,59.43,68.55,,54.21,77.44,,,50.35,,54.06
1987-02-01,70.64,,47.3,41.44,65.13,64.03,55.22,67.57,,59.89,68.92,,55.23,78.1,,,50.16,,54.23
1987-03-01,71.05,,47.84,41.42,66.0,64.11,55.49,67.85,,60.4,69.39,,54.81,77.69,,,50.38,,54.37
1987-04-01,71.41,,47.98,41.27,66.64,64.89,56.05,68.19,,61.32,69.46,,54.8,77.82,,,50.74,,54.16
1987-05-01,71.88,,48.31,41.4,67.44,65.22,56.46,67.93,,62.03,69.75,,55.48,77.97,,,50.76,,54.73
1987-06-01,72.3,,48.61,41.43,68.52,65.56,56.79,66.8,,62.78,69.47,,56.06,78.68,,,50.43,,54.88
1987-07-01,72.62,,49.08,41.56,69.39,65.72,57.08,65.76,,63.46,69.64,,57.11,78.99,,,50.2,,55.29
1987-08-01,73.16,,49.54,41.6,70.25,65.87,57.38,65.03,,64.13,69.8,,57.61,78.95,,,50.12,,55.44
1987-09-01,73.75,,50.24,41.54,71.4,66.27,57.84,65.28,,64.89,70.57,,58.27,79.04,,,50.06,,55.84
1987-10-01,74.01,,50.99,41.63,72.32,66.59,58.3,65.51,,65.77,71.02,,59.01,78.87,,,50.15,,56.13
1987-11-01,74.42,,51.64,41.57,73.16,67.12,58.9,66.53,,66.71,71.42,,59.71,79.02,,,49.73,,56.46
1987-12-01,74.58,,52.23,41.8,73.59,67.38,59.4,66.49,,67.78,71.46,,61.08,79.36,,,49.85,,56.61
1988-01-01,74.66,,52.7,41.84,74.4,67.78,60.02,66.7,,68.78,71.68,,61.97,79.5,,,49.55,,56.99
1988-02-01,74.59,,53.2,41.66,75.29,67.53,60.49,66.43,,69.71,71.83,,63.45,79.43,,,49.49,,57.22
1988-03-01,74.48,,53.87,42.24,76.39,67.96,61.28,66.76,,70.7,72.35,,64.51,79.24,,,49.06,,57.9
1988-04-01,74.53,,54.53,42.43,77.3,67.93,61.44,67.43,,71.48,72.72,,65.15,79.66,,,48.74,,58.07
1988-05-01,74.81,,56.07,42.74,78.38,67.99,61.85,67.58,,72.48,73.1,,65.57,79.95,,,48.35,,58.26
1988-06-01,75.0,,57.88,42.71,79.34,68.13,61.44,67.53,,74.39,73.71,,66.46,80.18,,,48.17,,58.96
1988-07-01,75.03,,58.17,42.84,80.78,68.57,64.59,67.65,,76.92,74.11,,66.55,80.51,,,48.22,,59.22
1988-08-01,74.84,,58.5,43.2,81.93,69.42,65.29,67.95,,78.67,74.68,,67.75,80.71,,,48.25,,59.63
1988-09-01,74.71,,58.94,43.43,83.16,69.71,66.08,68.46,,80.61,75.25,,68.02,80.63,,,48.21,,59.89
1988-10-01,74.6,,59.95,43.74,83.67,69.89,67.18,68.46,,82.38,75.6,,69.03,80.73,,,48.03,,60.34
1988-11-01,74.64,,61.11,43.95,84.63,69.64,68.43,68.14,,84.41,75.96,,68.65,80.61,,,47.75,,60.73
1988-12-01,74.7,,62.47,44.21,85.93,69.85,69.83,67.83,,85.82,76.22,,68.51,80.9,,,47.44,,61.31
1989-01-01,74.52,,63.29,44.48,86.87,69.92,71.17,68.78,,87.47,76.58,67.57,68.33,80.56,63.49,,47.47,,62.0
1989-02-01,75.17,,64.06,44.8,87.8,70.33,72.76,69.64,,88.77,76.99,67.62,69.01,80.99,63.15,,47.45,,62.07
1989-03-01,75.55,,65.56,45.0,88.62,70.62,74.48,70.48,,91.15,77.18,67.92,70.07,81.61,62.69,,47.53,,62.17
1989-04-01,75.39,,66.7,45.35,89.33,70.88,75.81,70.0,,93.01,77.55,67.97,70.65,81.97,63.08,,47.47,,61.97
1989-05-01,75.04,,67.7,45.61,89.78,71.22,77.05,69.79,,94.57,77.57,68.07,70.51,82.35,63.18,,47.6,,62.64
1989-06-01,74.52,,68.78,46.02,90.2,71.48,78.14,71.55,,95.51,77.81,67.7,70.52,81.96,63.74,,47.61,,62.83
1989-07-01,74.18,,69.59,46.26,90.71,71.66,79.03,71.77,,96.25,78.04,67.34,70.33,81.87,63.56,,47.5,,63.27
1989-08-01,73.44,,70.72,46.59,91.37,71.61,80.1,72.39,,96.66,78.26,66.95,70.37,81.24,63.8,,47.48,,63.88
1989-09-01,73.01,,71.59,46.93,91.93,71.68,81.1,72.79,,97.2,78.25,66.82,70.18,81.67,63.89,,47.6,,64.31
1989-10-01,72.72,,72.43,47.35,92.19,71.82,82.06,73.46,,97.88,78.38,66.56,70.06,81.94,64.12,,47.9,,64.72
1989-11-01,72.99,,73.02,47.76,92.38,72.29,82.71,74.26,,99.0,78.32,66.49,69.87,82.3,64.4,,48.11,,64.57
1989-12-01,73.0,,73.39,48.71,92.84,72.58,83.57,74.86,,99.77,78.72,66.5,69.68,82.15,64.39,,48.21,,65.2
1990-01-01,73.1,,73.64,49.65,93.36,72.84,84.08,75.56,58.89,100.47,79.17,66.58,69.36,82.43,64.22,,48.24,,65.37
1990-02-01,72.87,,73.82,50.57,93.66,73.01,84.74,75.64,60.96,100.76,79.67,66.7,68.7,82.74,64.01,,48.36,,65.98
1990-03-01,72.19,,74.6,50.77,93.61,73.16,85.13,76.6,62.95,100.99,79.53,66.64,68.9,83.12,64.23,,48.5,,66.3
1990-04-01,71.65,,75.07,51.46,93.59,73.46,85.55,77.27,65.46,100.99,79.44,66.78,69.48,82.75,64.47,,48.52,,66.92
1990-05-01,70.69,,75.02,52.07,93.11,73.6,85.74,77.85,66.55,100.39,79.68,66.59,70.0,82.72,64.6,,48.47,,67.06
1990-06-01,69.99,,74.59,53.39,92.63,74.04,85.75,78.73,67.42,100.11,79.86,66.6,70.25,82.44,64.58,,48.58,,67.61
1990-07-01,69.36,,74.05,54.43,92.23,73.92,85.59,79.65,67.58,99.51,80.03,66.4,70.66,82.63,64.34,,48.66,,67.92
1990-08-01,68.9,,73.75,55.56,91.84,73.99,85.34,80.58,67.85,99.05,79.87,66.26,70.58,82.43,64.08,,48.67,,68.24
1990-09-01,68.6,,73.48,56.63,91.43,73.89,85.22,81.0,67.51,98.43,79.67,65.94,70.94,82.08,64.15,,48.76,,68.38
1990-10-01,68.08,,72.91,57.01,91.26,73.92,84.92,81.55,67.25,98.0,79.44,65.81,70.72,81.67,64.42,,48.67,,68.47
1990-11-01,67.12,,72.37,57.09,91.01,73.5,84.65,81.38,66.93,97.11,79.55,65.38,70.96,81.51,64.39,,48.75,,68.68
1990-12-01,66.19,,71.86,56.82,90.94,73.51,84.03,81.7,66.77,96.55,79.35,65.45,70.75,81.78,64.54,,48.73,,68.79
1991-01-01,65.31,58.42,71.94,56.78,89.71,73.43,83.48,81.09,66.26,95.57,79.02,65.28,70.84,81.94,64.62,,48.94,69.62,68.81
1991-02-01,64.75,58.13,71.13,57.32,89.26,73.35,82.56,82.06,65.61,94.7,78.72,65.48,71.1,82.12,64.54,,48.98,69.47,68.81
1991-03-01,64.45,58.15,70.61,58.63,88.21,72.96,81.6,82.15,65.13,93.77,78.73,64.79,70.94,81.55,64.41,,49.06,69.32,69.06
1991-04-01,64.03,58.22,69.91,58.77,87.92,73.18,81.21,82.24,65.45,93.74,78.74,64.63,71.24,81.55,64.29,,49.31,69.72,69.5
1991-05-01,64.09,58.51,70.01,59.07,88.65,73.37,81.53,82.35,65.75,93.91,78.24,64.51,71.4,81.28,64.63,,49.55,69.8,69.89
1991-06-01,64.06,58.81,70.28,59.33,88.94,73.43,81.89,82.27,66.07,94.06,78.52,64.93,71.32,81.66,64.83,,49.89,70.05,70.18
1991-07-01,64.01,59.04,70.66,59.58,88.99,73.37,82.1,83.34,66.25,94.28,78.63,65.32,71.58,81.72,65.39,,50.33,69.91,70.55
1991-08-01,64.1,59.19,70.83,59.72,88.61,73.23,81.94,83.64,66.34,94.26,79.39,65.56,71.79,81.89,65.68,,50.51,70.09,70.65
1991-09-01,64.14,59.29,70.82,59.81,88.49,73.2,81.66,84.86,66.41,94.09,79.07,65.74,71.97,81.52,66.0,,50.65,70.04,70.97
1991-10-01,64.11,59.54,70.71,60.29,88.42,73.41,81.66,82.99,66.17,93.88,79.1,65.72,72.18,81.4,65.64,,50.83,70.14,71.07
1991-11-01,63.86,59.63,70.53,60.38,88.67,73.68,81.45,81.58,66.18,93.47,79.07,66.08,72.37,81.58,65.67,,51.04,70.12,71.22
1991-12-01,63.81,59.76,70.45,61.22,88.47,73.83,81.34,82.83,66.08,93.14,78.98,66.04,73.01,81.81,65.87,,51.32,70.01,71.25
1992-01-01,63.56,59.75,70.4,61.67,88.57,73.67,80.86,83.04,66.32,92.79,79.03,66.04,73.43,81.68,66.09,,51.52,70.07,71.69
1992-02-01,63.56,59.84,70.34,61.99,88.22,73.66,80.57,83.5,66.48,92.57,78.66,66.07,73.72,80.76,66.54,,52.28,70.17,72.06
1992-03-01,63.81,60.08,70.19,62.17,88.64,73.51,80.69,83.12,66.81,91.91,78.93,66.11,73.89,80.42,66.77,,53.07,70.23,72.64
1992-04-01,64.4,60.53,69.69,62.12,88.84,73.55,80.68,83.01,67.24,91.44,79.17,66.09,73.23,80.72,66.94,,53.58,70.22,72.55
1992-05-01,64.35,60.78,69.73,62.37,88.98,73.55,80.45,83.21,67.3,90.87,79.66,66.14,73.42,81.04,66.97,,53.8,70.39,72.64
1992-06-01,64.15,60.84,69.49,62.47,88.87,73.54,79.91,83.13,67.32,90.17,79.79,66.13,74.13,81.13,67.2,,53.95,70.5,72.77
1992-07-01,63.94,60.9,69.27,62.59,88.5,73.87,79.57,82.77,67.32,89.49,78.06,66.1,74.9,80.63,67.26,,54.14,71.08,72.86
1992-08-01,63.97,61.05,68.96,63.06,88.48,74.05,79.27,82.4,67.11,88.93,77.82,66.17,74.98,80.39,67.39,,54.39,71.14,73.17
1992-09-01,63.9,61.25,68.81,63.49,88.41,74.42,79.04,82.47,66.9,88.32,77.46,66.24,75.23,80.34,67.41,,54.72,71.29,73.46
1992-10-01,64.03,61.24,68.83,63.94,88.59,74.25,78.16,82.96,67.43,87.36,79.33,66.43,75.55,81.31,67.7,,54.82,71.03,73.79
1992-11-01,64.03,61.27,68.75,64.67,88.67,74.34,77.92,83.31,67.59,86.64,79.5,66.5,75.91,81.7,67.93,,55.24,71.36,74.08
1992-12-01,64.47,61.42,68.58,64.93,88.81,74.47,77.48,82.89,67.85,85.82,79.85,66.68,75.85,81.58,68.05,,55.6,71.43,74.38
1993-01-01,64.86,61.56,68.45,65.22,89.07,74.67,77.65,82.56,68.21,85.25,79.85,66.87,76.01,81.51,68.16,,56.13,71.53,74.79
1993-02-01,64.95,61.68,68.29,65.42,89.28,74.82,76.99,83.01,68.65,84.66,80.04,67.02,76.01,81.54,68.02,,56.43,71.53,74.8
1993-03-01,64.82,61.7,68.07,65.86,89.44,74.79,76.62,83.2,68.79,83.62,80.02,67.37,76.22,82.1,68.53,,56.95,71.75,74.95
1993-04-01,64.71,61.93,67.99,66.56,88.94,74.73,75.91,82.8,68.29,82.79,80.33,67.53,76.32,82.49,68.89,,57.15,72.23,75.0
1993-05-01,64.83,62.25,67.76,67.09,88.48,74.73,75.55,81.96,67.86,82.04,80.96,67.85,76.69,82.59,69.3,,57.57,72.63,75.38
1993-06-01,65.15,62.67,67.47,67.76,88.65,75.07,75.05,81.92,67.58,81.43,81.35,67.99,77.29,82.29,69.3,,58.18,72.83,75.65
1993-07-01,65.52,62.96,66.93,68.17,88.82,75.29,74.49,81.99,67.55,80.57,81.8,68.3,77.55,82.27,69.57,,58.81,73.12,75.99
1993-08-01,65.73,63.23,66.95,68.23,88.92,75.36,74.18,82.4,68.01,79.48,82.03,68.45,77.63,82.61,69.86,,59.53,73.27,76.11
1993-09-01,65.85,63.4,66.83,68.68,88.79,75.42,74.27,82.88,68.72,79.05,82.35,68.99,77.81,83.36,70.49,,60.14,73.58,76.58
1993-10-01,65.88,63.77,66.77,69.22,88.62,75.72,74.26,83.14,69.15,78.38,82.61,69.29,78.11,83.67,70.81,,60.84,73.77,76.99
1993-11-01,66.22,64.18,66.72,70.12,88.51,76.32,74.31,83.74,69.66,78.23,82.48,69.8,78.43,83.44,71.22,,61.43,73.99,77.65
1993-12-01,66.52,64.39,66.63,70.66,88.84,76.86,74.11,83.8,69.9,77.57,82.71,70.13,79.11,82.88,71.21,,62.24,74.37,78.26
1994-01-01,66.82,64.53,66.63,71.12,88.99,77.14,74.27,83.97,70.57,77.4,83.36,70.6,80.19,82.94,71.92,,62.82,74.76,78.78
1994-02-01,67.07,64.66,66.65,71.59,89.02,77.29,74.11,83.76,70.41,77.44,84.35,71.03,80.17,83.49,72.37,,63.48,75.36,79.03
1994-03-01,67.47,65.08,67.32,72.23,89.31,77.45,74.01,84.08,70.38,77.26,85.17,71.43,80.08,83.96,73.23,,63.94,75.47,79.14
1994-04-01,68.03,65.26,67.42,72.73,89.48,77.68,74.02,84.4,70.66,77.09,85.07,71.92,80.2,83.91,73.14,,64.55,75.52,79.16
1994-05-01,67.93,65.62,67.54,73.42,89.79,77.87,74.25,85.44,71.22,76.67,85.06,72.22,80.57,83.98,73.14,,65.05,75.78,79.52
1994-06-01,68.13,65.96,67.61,73.86,90.09,78.2,74.44,85.93,71.41,76.44,85.29,72.48,80.62,83.96,72.91,,65.61,76.05,79.72
1994-07-01,68.16,66.38,67.64,74.55,90.18,78.62,74.55,86.29,71.48,76.41,85.65,72.87,80.66,84.71,72.67,,65.96,76.4,79.91
1994-08-01,68.29,66.73,67.68,75.08,90.08,79.14,74.19,86.07,71.37,76.41,86.0,73.27,80.91,85.02,72.76,,66.3,76.58,80.15
1994-09-01,68.44,67.04,67.54,75.63,90.05,79.6,73.71,86.17,71.47,76.43,86.16,73.77,81.18,85.09,72.83,,66.52,76.69,80.31
1994-10-01,68.66,67.32,67.79,75.82,90.04,79.79,73.73,86.28,71.7,76.55,86.26,74.14,81.62,84.81,73.03,,66.86,77.13,80.67
1994-11-01,68.79,67.5,68.05,76.08,90.14,79.89,73.46,86.54,72.0,76.47,86.52,74.45,81.72,84.83,73.18,,67.18,77.57,81.12
1994-12-01,68.78,67.94,68.31,76.32,89.95,80.23,73.44,87.22,72.12,76.39,86.84,74.9,81.86,85.29,72.9,,67.57,78.04,81.35
1995-01-01,68.79,68.97,68.42,77.16,89.67,80.68,73.05,87.32,72.5,76.38,86.92,75.22,81.88,85.98,73.34,,67.95,78.23,81.6
1995-02-01,69.01,70.83,68.32,77.55,89.6,81.22,73.16,87.59,72.0,76.02,86.71,75.6,82.15,85.88,73.96,,68.31,78.54,81.6
1995-03-01,69.13,70.74,67.73,78.4,89.4,81.25,73.0,87.74,71.96,75.78,86.75,75.67,82.28,85.71,74.78,,68.6,78.58,81.84
1995-04-01,68.98,70.19,67.41,78.16,89.13,81.59,72.92,88.27,71.55,75.36,86.71,75.92,82.35,85.72,75.12,,68.73,78.61,82.22
1995-05-01,69.09,70.27,67.11,78.4,88.93,81.82,72.53,88.15,71.57,75.12,86.82,76.22,82.32,85.85,75.43,,69.16,78.58,82.49
1995-06-01,69.39,70.56,66.92,79.16,88.67,82.38,72.1,88.03,71.43,74.56,86.96,76.79,82.52,86.41,75.58,,69.37,78.63,83.24
1995-07-01,69.7,70.91,66.96,79.9,88.57,82.89,72.09,87.92,71.98,74.5,86.95,77.14,82.85,86.61,75.82,,69.82,78.93,83.14
1995-08-01,70.03,71.37,67.02,80.91,88.65,83.43,72.14,88.33,72.34,74.28,87.26,77.45,83.11,86.85,76.06,,70.16,79.32,83.66
1995-09-01,70.12,71.94,67.11,81.25,88.8,84.08,72.19,88.65,72.61,74.19,87.24,77.6,83.43,86.92,76.23,,70.7,79.68,83.87
1995-10-01,70.14,72.39,66.97,81.78,88.76,84.5,72.11,88.92,72.8,74.09,87.45,78.02,83.51,87.1,75.7,,71.06,79.98,84.34
1995-11-01,70.11,72.89,66.91,81.97,88.65,84.9,71.7,89.01,72.96,74.03,87.39,78.39,83.88,87.27,75.9,,71.36,80.17,84.44
1995-12-01,70.27,73.21,66.85,82.68,88.64,85.28,71.81,89.13,73.24,73.94,87.52,78.86,83.96,87.13,76.14,,71.64,80.47,84.62
1996-01-01,70.68,73.58,66.88,83.2,88.66,85.56,71.89,89.19,73.17,73.92,87.43,79.26,84.26,87.22,76.53,,71.74,80.8,84.61
1996-02-01,70.96,74.15,66.9,84.01,88.54,86.07,72.04,89.5,73.28,73.84,87.52,79.71,83.92,87.39,76.7,,71.96,81.28,85.05
1996-03-01,71.39,74.71,66.81,84.48,88.61,87.28,71.76,89.44,73.74,73.86,87.16,80.08,84.02,87.86,76.82,,72.34,81.38,85.61
1996-04-01,71.66,75.41,66.69,85.21,88.87,87.99,71.82,89.77,73.92,73.86,87.34,80.48,84.83,88.0,76.73,,72.9,81.66,86.24
1996-05-01,71.82,75.97,66.78,85.79,88.87,88.6,71.96,89.82,73.9,74.0,87.47,80.77,85.06,87.93,76.91,,73.33,81.82,86.38
1996-06-01,72.08,76.51,67.02,86.26,88.78,88.38,71.83,90.22,74.01,74.15,87.57,81.02,85.21,87.88,77.34,,73.34,82.07,86.61
1996-07-01,72.44,77.04,67.22,86.67,88.71,88.18,71.72,90.22,73.99,74.11,87.83,81.34,85.18,87.76,77.89,,73.53,82.09,87.0
1996-08-01,72.93,77.59,67.54,86.98,88.64,88.28,71.39,90.11,74.45,74.05,87.84,81.61,85.31,87.9,78.15,,73.54,82.41,87.27
1996-09-01,73.02,78.02,67.8,87.95,88.68,88.22,71.71,89.81,74.28,74.0,87.98,81.86,85.54,87.79,78.47,,73.9,82.74,87.48
1996-10-01,73.32,78.58,68.26,89.0,88.82,88.46,71.83,89.66,74.68,74.18,87.94,82.07,85.81,88.21,78.85,,74.26,83.04,87.62
1996-11-01,73.48,78.96,68.94,90.19,88.92,88.92,72.15,89.48,74.72,74.42,88.11,82.3,86.12,88.29,79.3,,74.74,83.32,87.72
1996-12-01,74.2,79.17,69.21,90.75,88.67,89.27,72.22,90.14,75.15,74.52,88.0,82.48,86.45,88.72,79.59,,75.19,83.42,87.96
1997-01-01,74.61,79.35,69.64,91.24,88.78,89.73,72.56,90.78,75.73,74.54,88.06,82.8,86.52,88.65,79.98,,75.39,83.7,87.68
1997-02-01,74.91,79.24,69.84,92.22,88.97,89.89,72.75,91.63,76.33,74.4,88.07,83.18,86.53,88.65,79.97,,75.76,83.87,88.48
1997-03-01,75.35,80.25,70.64,93.1,89.34,90.42,72.97,91.91,76.87,74.79,88.34,83.55,86.83,87.95,79.89,,76.17,84.09,88.92
1997-04-01,75.73,80.97,71.26,93.53,88.92,90.37,73.25,91.63,77.86,75.27,88.55,83.95,86.92,88.44,79.67,,76.59,84.52,88.83
1997-05-01,76.13,81.73,71.79,93.66,88.93,90.55,73.49,91.5,78.78,75.76,88.67,84.27,86.89,88.71,80.39,,76.94,84.96,89.0
1997-06-01,76.49,82.22,72.31,93.03,88.97,90.66,74.05,91.72,79.65,76.19,88.75,84.39,86.89,88.82,80.73,,77.35,85.13,88.82
1997-07-01,76.75,82.52,72.8,93.16,89.01,91.14,74.42,92.08,80.67,76.54,88.81,84.44,87.22,88.92,82.06,,77.8,85.35,89.47
1997-08-01,77.07,82.84,73.57,92.88,89.12,91.42,75.01,92.49,81.11,77.16,88.89,84.56,87.56,89.23,82.26,,78.31,85.55,89.4
1997-09-01,77.44,83.48,74.12,93.17,89.23,91.91,75.38,92.59,81.69,77.56,89.17,85.03,87.97,89.44,81.76,,78.44,86.09,89.97
1997-10-01,78.0,84.0,75.04,92.95,89.54,92.36,76.2,92.89,82.06,78.23,89.59,85.64,88.33,89.51,82.1,,78.82,86.43,89.7
1997-11-01,78.62,84.5,75.68,93.59,89.75,92.56,76.73,92.9,82.77,78.89,89.91,86.16,88.92,89.72,82.18,,79.33,86.9,90.43
1997-12-01,79.28,84.75,76.5,93.94,89.97,92.64,78.09,93.2,83.67,79.91,90.33,86.56,89.38,90.09,82.59,,80.04,87.19,90.67
1998-01-01,79.9,85.18,77.2,94.09,90.11,92.68,78.98,93.24,84.48,81.04,90.73,86.92,90.19,90.78,82.87,,80.65,87.63,91.25
1998-02-01,80.57,85.74,77.68,94.13,90.22,92.95,79.89,93.59,85.65,82.19,91.06,87.43,90.54,91.08,83.51,,81.01,87.99,91.62
1998-03-01,81.18,86.28,78.31,94.55,90.35,93.0,81.01,94.78,86.3,83.65,91.14,87.69,90.7,91.39,83.7,,81.24,88.57,91.85
1998-04-01,81.95,86.95,79.13,94.97,90.55,93.16,82.08,94.77,87.0,84.4,91.23,88.13,90.67,91.49,84.3,,81.76,89.17,92.09
1998-05-01,82.79,87.59,80.22,95.34,90.84,93.6,83.09,94.54,87.58,85.4,91.45,88.59,90.99,91.6,84.83,,82.42,89.75,92.42
1998-06-01,83.68,88.06,81.39,95.7,91.3,94.01,84.05,94.23,88.38,86.45,92.03,89.25,91.56,91.88,85.35,,83.08,90.16,93.08
1998-07-01,84.49,88.47,82.38,96.03,91.55,94.3,85.15,94.3,89.16,87.85,92.66,89.9,91.81,92.42,85.86,,83.74,90.45,93.32
1998-08-01,85.28,89.01,83.52,96.43,91.78,94.62,86.18,94.41,89.77,88.93,92.91,90.23,92.15,92.67,86.37,,84.55,90.76,93.55
1998-09-01,86.2,89.45,84.44,96.77,91.97,94.9,87.13,94.79,90.48,90.08,93.07,90.62,92.27,93.23,86.77,,85.25,91.09,93.75
1998-10-01,86.58,89.98,84.96,97.09,92.4,95.4,87.71,94.88,91.14,90.77,93.14,90.94,92.52,93.27,87.41,,86.05,91.86,94.05
1998-11-01,86.88,90.63,85.16,97.54,93.01,95.63,88.21,95.29,91.82,91.29,93.37,91.55,92.11,93.81,88.29,,86.8,92.5,94.55
1998-12-01,87.79,91.5,85.4,98.08,93.51,96.03,88.9,95.63,92.13,91.78,93.57,92.2,92.66,93.79,89.04,,87.43,93.08,94.91
1999-01-01,89.24,92.43,86.23,98.74,94.19,96.36,90.11,96.25,92.71,92.14,93.95,92.75,92.94,94.09,89.91,,88.49,93.59,95.44
1999-02-01,90.56,93.06,87.22,99.24,94.43,96.67,91.13,96.79,93.1,92.72,94.43,93.33,93.52,94.46,90.57,,89.46,94.07,95.79
1999-03-01,91.29,93.48,88.29,98.75,94.93,97.37,91.99,96.7,93.88,93.38,95.12,94.02,93.62,94.86,91.28,,90.86,94.77,96.43
1999-04-01,92.15,93.63,89.09,98.82,95.52,98.08,92.49,96.86,94.7,94.38,95.85,94.73,94.65,95.47,92.29,,91.69,95.14,96.88
1999-05-01,93.0,94.22,89.97,99.11,95.86,98.45,93.09,97.34,95.43,95.23,96.18,95.12,95.43,96.14,92.93,,92.55,95.79,97.2
1999-06-01,93.8,94.89,91.28,99.6,96.59,98.79,94.07,97.95,96.33,96.03,96.08,95.59,96.32,96.56,93.72,,93.39,96.26,97.28
1999-07-01,95.08,95.86,92.89,99.86,97.29,99.0,94.95,98.22,96.76,96.65,96.79,96.13,96.63,97.09,94.47,,94.38,96.91,97.42
1999-08-01,96.08,96.59,94.28,100.14,98.01,99.24,95.88,98.18,97.46,97.17,97.28,96.88,97.18,97.45,95.64,,95.56,97.33,97.92
1999-09-01,97.2,97.41,95.6,100.34,98.6,99.52,96.96,98.58,98.2,97.68,97.89,97.62,97.75,97.99,96.99,,96.96,97.79,98.3
1999-10-01,98.21,98.01,96.76,100.67,98.99,99.46,98.02,98.99,99.21,98.33,97.95,98.29,98.66,98.67,98.06,,98.04,98.5,98.89
1999-11-01,99.27,98.67,98.51,100.48,99.46,99.55,99.07,99.54,100.05,99.24,98.55,98.96,99.41,98.97,98.86,,98.85,99.08,99.61
1999-12-01,100.36,99.48,100.03,100.53,100.09,100.2,100.07,99.85,100.53,100.33,99.32,99.64,100.14,99.68,99.63,,99.67,99.93,100.05
2000-01-01,100.92,100.15,101.45,100.59,100.87,100.67,101.1,100.4,101.08,101.03,99.94,100.41,100.56,100.08,100.19,100.71,100.66,100.38,100.53
2000-02-01,101.89,100.88,104.17,101.25,101.7,101.1,102.41,100.9,101.66,102.04,100.47,100.94,101.41,100.79,100.97,103.04,101.65,101.29,100.51
2000-03-01,102.65,101.37,107.34,101.56,102.89,101.14,104.09,101.44,102.94,103.22,101.09,101.72,102.43,101.45,101.63,102.71,102.74,101.68,101.17
2000-04-01,104.35,101.76,110.63,102.18,103.95,102.27,105.71,101.6,103.48,104.16,102.01,102.27,103.41,102.31,102.97,103.28,103.54,102.7,101.74
2000-05-01,106.01,102.58,113.8,102.08,104.92,102.24,107.13,102.05,104.22,104.92,102.75,102.99,104.39,103.39,104.41,103.72,105.3,103.27,102.16
2000-06-01,107.93,103.27,116.82,102.19,105.72,102.69,108.97,102.28,104.43,105.69,103.41,103.7,105.51,104.23,105.61,103.61,106.91,104.14,102.04
2000-07-01,108.92,103.99,117.87,102.4,106.71,102.25,110.32,102.67,104.94,106.32,103.7,104.08,106.03,105.03,106.39,104.05,108.3,104.32,101.93
2000-08-01,110.13,104.23,119.05,102.65,107.79,102.52,111.67,103.22,105.22,106.97,104.36,104.5,106.42,105.41,107.36,104.36,109.3,104.7,102.19
2000-09-01,111.37,104.65,120.41,102.81,108.99,102.52,112.66,103.89,105.62,107.89,105.11,104.97,106.71,105.91,108.47,105.08,110.55,104.78,102.52
2000-10-01,112.97,105.06,123.25,103.03,109.87,102.86,113.47,104.68,105.82,108.81,106.1,105.33,106.98,106.51,109.63,105.51,111.73,105.42,103.2
2000-11-01,114.77,106.09,126.44,103.34,111.09,103.17,115.25,105.04,106.4,109.98,107.4,105.8,107.47,108.19,111.16,106.28,113.1,106.04,103.56
2000-12-01,116.95,106.68,130.06,104.11,112.4,103.0,116.96,105.52,107.29,110.72,108.66,106.01,108.15,109.81,111.73,106.57,114.54,106.58,104.22
2001-01-01,118.84,107.33,133.04,104.6,113.79,103.54,118.9,105.77,107.77,112.03,110.24,106.4,108.92,110.9,113.35,107.24,115.51,107.07,104.54
2001-02-01,120.41,107.51,135.08,104.85,115.39,103.87,120.14,106.17,107.91,112.9,111.07,106.88,109.52,111.71,114.5,108.38,116.88,107.43,104.85
2001-03-01,121.56,108.04,134.94,105.1,116.84,104.0,122.32,106.99,108.15,114.18,112.27,107.46,110.36,112.41,116.39,109.08,117.24,107.83,104.97
2001-04-01,122.74,108.39,133.86,105.42,118.63,103.87,123.36,107.95,109.03,114.64,113.53,108.08,111.29,113.45,117.27,109.9,118.52,108.35,104.78
2001-05-01,123.18,108.85,132.66,105.96,119.26,104.22,124.28,108.74,109.24,115.26,114.77,108.71,112.09,113.76,118.28,110.06,119.25,108.64,105.25
2001-06-01,124.44,109.14,130.83,106.59,120.25,104.32,124.52,109.51,109.74,115.74,115.91,109.02,113.22,115.2,119.68,110.48,119.97,109.3,105.68
2001-07-01,125.6,109.66,129.28,107.34,121.08,104.84,125.29,110.3,109.99,116.38,117.13,109.51,114.21,116.16,121.26,110.42,120.39,109.67,106.47
2001-08-01,126.94,110.41,128.33,108.02,122.09,104.63,125.87,110.97,110.55,117.36,118.29,109.86,115.25,117.85,122.12,110.63,120.96,110.19,106.98
2001-09-01,128.15,110.85,128.18,108.34,123.1,104.73,126.98,111.7,111.21,118.34,119.52,110.28,116.1,118.13,123.2,110.52,121.51,110.67,107.27
2001-10-01,129.13,111.1,128.21,108.53,124.13,104.53,128.15,112.08,111.6,119.31,121.09,110.75,116.52,118.88,124.1,111.2,121.7,111.05,107.01
2001-11-01,130.18,110.93,127.67,108.44,125.05,104.5,129.35,112.97,112.04,120.3,122.7,111.1,116.8,119.54,125.28,111.45,121.64,111.18,106.77
2001-12-01,130.51,111.25,126.84,108.41,126.18,104.61,129.99,113.52,112.07,121.29,123.77,111.65,117.09,119.89,125.98,111.99,121.62,111.3,106.38
2002-01-01,131.35,111.47,126.84,108.93,127.25,104.78,130.32,114.45,112.84,122.71,124.5,112.16,117.51,120.4,126.42,112.54,122.1,111.67,106.88
2002-02-01,131.77,112.16,127.61,109.53,128.82,105.26,131.73,115.0,113.26,123.99,125.43,112.79,118.12,120.7,126.98,112.75,122.39,112.28,107.42
2002-03-01,132.97,112.34,129.56,111.14,130.14,105.61,133.19,115.41,113.57,125.46,126.65,113.21,118.72,122.96,128.12,113.24,123.11,112.71,107.97
2002-04-01,134.53,112.32,132.11,111.06,131.62,106.15,135.65,115.4,113.53,126.85,128.09,113.68,119.63,123.71,129.0,113.37,123.33,112.76,108.36
2002-05-01,136.68,112.81,134.75,111.52,133.3,106.14,138.13,115.87,113.73,128.69,129.79,114.2,120.34,124.95,130.22,113.47,124.01,112.94,108.59
2002-06-01,138.77,113.38,137.57,111.3,134.84,106.21,140.54,116.34,114.05,130.77,131.57,114.68,121.05,125.6,131.2,113.19,124.26,113.25,109.15
2002-07-01,140.54,114.03,139.37,112.27,137.0,106.15,142.87,116.83,114.46,132.86,133.48,114.99,121.86,126.85,132.29,113.18,124.68,113.67,109.45
2002-08-01,142.31,114.55,141.11,112.02,138.95,106.73,145.71,117.27,114.76,135.09,134.91,115.29,122.64,127.75,133.28,113.56,124.61,114.02,109.49
2002-09-01,144.2,114.8,141.85,112.21,140.8,107.06,148.04,117.8,115.05,137.24,136.58,115.54,123.48,128.57,133.9,113.74,124.67,114.17,109.41
2002-10-01,145.85,114.88,142.82,112.33,142.45,107.31,150.59,119.16,115.43,139.72,138.27,115.81,124.35,129.2,135.26,113.86,125.0,114.6,109.58
2002-11-01,147.41,115.53,143.63,113.0,143.87,107.34,153.04,120.6,115.91,141.82,139.84,116.24,125.32,130.26,136.13,113.85,125.55,114.93,109.76
2002-12-01,147.86,115.61,143.82,113.8,145.59,107.71,155.2,122.01,116.63,143.98,141.71,116.71,126.37,131.83,137.91,114.19,125.71,115.26,110.25
2003-01-01,148.52,115.7,143.74,114.61,146.68,108.38,157.3,122.91,116.85,145.75,143.78,117.71,127.22,133.27,138.86,114.72,125.62,115.66,110.9
2003-02-01,149.7,115.35,143.85,115.4,147.94,108.75,158.5,123.75,117.48,147.31,145.87,118.61,128.21,134.66,140.04,114.82,125.6,115.96,111.7
2003-03-01,150.97,116.17,143.96,116.0,148.7,108.43,159.7,124.33,118.0,148.88,147.39,119.56,129.49,135.52,140.57,113.96,126.11,116.7,112.04
2003-04-01,151.64,117.12,144.3,116.39,149.93,107.99,161.1,125.29,118.47,150.49,148.7,119.9,129.78,136.63,141.52,113.58,125.92,116.58,112.59
2003-05-01,151.88,118.1,144.37,116.93,151.37,107.71,162.58,125.97,118.89,152.29,149.76,120.29,130.53,138.12,142.25,113.63,125.78,116.86,112.97
2003-06-01,152.38,117.84,144.84,117.67,153.0,108.04,164.2,126.94,119.36,154.07,150.72,120.67,131.02,138.67,142.59,114.15,125.08,116.82,113.36
2003-07-01,152.89,117.8,146.17,118.32,154.71,108.15,166.36,128.36,119.97,157.02,152.78,121.28,131.7,139.35,143.8,114.35,125.16,117.04,113.79
2003-08-01,153.57,117.83,147.79,118.88,156.79,108.67,169.43,130.44,121.02,160.1,155.05,122.1,132.2,139.69,144.78,114.36,125.6,117.32,114.41
2003-09-01,154.61,118.13,149.64,119.45,159.25,108.6,173.15,132.7,121.7,163.58,157.06,123.04,133.29,141.86,145.88,114.39,125.83,117.72,115.09
2003-10-01,155.9,118.8,151.55,120.34,161.69,109.96,177.15,135.7,122.83,167.05,159.09,123.91,134.45,143.28,146.97,114.5,126.3,118.03,115.73
2003-11-01,157.68,119.11,153.73,121.4,164.16,110.61,181.1,138.79,123.52,170.75,160.76,124.97,135.65,144.88,148.04,114.63,126.8,118.45,116.15
2003-12-01,159.3,119.44,155.99,122.38,166.52,111.2,185.04,143.08,124.83,174.78,162.61,126.25,137.04,145.24,148.75,114.43,127.26,118.7,116.4
2004-01-01,160.57,119.77,157.85,123.14,169.54,110.49,188.63,147.24,125.58,178.78,164.83,127.29,138.03,148.0,150.0,114.94,128.08,119.3,116.47
2004-02-01,161.99,120.01,159.95,123.92,171.8,110.71,192.68,151.64,126.58,182.92,167.05,128.4,138.76,149.52,151.26,115.37,128.64,119.58,116.85
2004-03-01,163.25,120.95,162.22,124.19,174.66,111.28,199.06,159.84,127.52,188.79,170.32,129.64,139.61,152.68,152.79,114.5,129.25,120.17,117.09
2004-04-01,165.53,121.38,164.53,125.68,177.84,112.09,204.92,167.51,128.6,194.5,173.1,130.93,140.17,153.24,154.46,114.71,129.29,120.83,118.01
2004-05-01,166.18,122.16,166.8,126.62,182.01,112.52,211.08,175.43,129.88,199.74,176.56,132.47,141.47,155.37,154.93,115.15,129.31,120.94,117.88
2004-06-01,167.52,121.81,169.84,127.51,186.73,112.62,216.73,185.0,131.09,205.29,179.84,133.93,142.31,157.83,156.23,115.49,129.84,120.9,117.92
2004-07-01,168.14,121.6,172.08,128.45,189.9,112.74,221.88,193.6,132.26,209.3,183.32,135.8,143.23,159.93,156.54,115.77,129.97,121.29,117.91
2004-08-01,169.29,121.6,174.54,129.63,193.05,112.52,225.13,199.4,133.12,211.15,186.69,137.57,143.85,162.54,157.31,115.91,130.35,121.72,118.07
2004-09-01,170.16,121.8,177.02,131.17,196.12,112.59,227.99,203.02,134.24,212.71,190.38,140.57,145.18,165.06,157.31,115.94,130.51,122.24,118.53
2004-10-01,172.05,122.11,180.05,132.72,199.54,113.04,230.27,205.26,135.24,213.84,193.55,143.8,146.17,167.95,158.18,116.22,131.27,122.73,118.63
2004-11-01,173.05,122.44,183.28,134.09,203.15,113.82,231.74,206.85,137.28,216.01,197.07,147.69,147.25,170.59,158.86,116.46,131.87,123.23,119.31
2004-12-01,174.31,122.7,187.12,135.22,206.97,114.76,234.29,208.17,139.11,218.12,200.88,152.15,148.59,173.6,159.67,117.03,132.75,123.95,119.78
2005-01-01,175.75,123.26,191.63,136.78,210.8,115.13,236.72,209.15,141.63,221.51,205.34,156.33,150.04,177.26,161.39,117.58,133.4,124.64,121.14
2005-02-01,177.94,123.95,196.02,138.28,215.18,115.65,239.04,211.7,143.04,225.21,210.05,161.65,151.83,180.85,162.67,118.27,134.37,125.45,121.9
2005-03-01,179.46,124.77,200.47,140.21,221.02,115.45,239.93,213.67,145.33,229.75,215.96,167.8,154.0,185.3,163.76,118.95,134.66,126.2,121.63
2005-04-01,180.5,125.55,202.3,142.11,225.77,115.47,241.3,216.19,146.77,233.45,222.34,174.64,154.6,188.47,165.09,119.03,135.09,126.97,121.87
2005-05-01,180.72,126.5,204.83,144.48,229.74,116.02,242.33,217.99,148.77,237.11,227.56,181.13,155.27,192.03,165.16,119.28,135.13,127.3,121.9
2005-06-01,180.09,125.87,207.2,147.57,233.79,116.99,243.66,219.44,150.79,240.59,233.96,188.95,156.06,196.81,165.41,118.99,134.94,127.82,121.61
2005-07-01,180.01,125.27,209.28,150.42,236.76,117.7,244.52,220.46,152.82,244.26,239.23,196.16,156.61,201.1,165.21,119.37,134.97,127.77,121.45
2005-08-01,179.7,124.68,210.72,153.41,239.0,118.51,245.51,222.02,155.1,248.28,244.93,203.0,156.56,206.26,165.33,119.55,135.23,127.93,121.42
2005-09-01,180.15,124.65,212.69,156.46,241.39,118.59,245.95,223.77,157.53,252.83,250.68,209.56,157.97,211.65,165.61,120.33,135.91,127.94,121.65
2005-10-01,180.01,125.12,214.13,159.07,243.75,119.92,247.71,225.57,159.83,257.7,255.87,213.61,159.15,217.88,166.91,120.92,136.6,128.85,121.99
2005-11-01,180.81,125.68,215.51,161.77,246.21,120.37,249.5,227.9,162.48,261.62,259.92,217.41,161.32,222.58,168.27,122.1,137.22,129.74,122.48
2005-12-01,180.43,126.34,216.42,164.22,248.43,121.56,249.85,229.86,164.83,265.39,263.95,220.18,162.68,226.12,169.31,122.83,137.92,130.7,122.87
2006-01-01,180.61,126.86,217.41,167.11,250.28,121.02,250.58,232.26,167.42,268.31,267.97,223.02,164.44,229.54,170.11,123.48,138.8,131.71,123.38
2006-02-01,179.54,127.3,218.83,169.69,252.03,122.14,251.41,234.44,169.48,271.23,272.04,225.27,165.92,232.3,171.45,123.49,139.31,132.34,123.31
2006-03-01,180.05,127.85,219.31,172.59,252.86,122.81,251.72,235.24,171.8,272.09,275.08,226.5,168.03,236.05,172.26,123.47,139.35,132.66,122.98
2006-04-01,179.38,126.04,218.79,174.07,252.3,124.14,251.33,235.75,173.1,273.1,278.15,227.78,167.62,237.99,173.79,123.21,138.82,132.92,122.34
2006-05-01,178.33,125.37,218.04,175.36,251.2,124.58,249.66,235.4,174.69,272.95,279.69,228.06,167.72,239.04,172.82,123.09,138.74,133.04,121.86
2006-06-01,176.5,123.76,216.56,176.72,249.33,125.29,247.92,233.69,176.54,272.25,279.21,227.54,167.11,237.99,171.43,123.23,138.45,133.11,121.94
2006-07-01,175.6,122.63,214.94,177.74,247.01,126.33,246.02,233.06,178.26,271.49,278.47,226.09,166.55,236.94,169.26,123.56,138.34,133.15,121.86
2006-08-01,174.92,121.59,214.32,178.88,244.41,127.04,244.13,232.4,179.77,270.55,276.02,224.5,166.02,235.12,168.4,123.71,137.8,133.07,121.22
2006-09-01,173.85,120.62,213.55,179.5,241.73,127.79,243.37,231.87,181.03,270.43,276.3,222.92,166.47,234.04,167.43,123.65,137.63,133.03,120.5
2006-10-01,173.73,120.34,213.36,179.86,241.75,128.06,242.08,231.3,182.09,270.95,277.51,221.67,166.47,232.37,167.45,123.68,137.36,133.71,120.16
2006-11-01,171.9,119.83,213.25,180.36,241.52,129.11,241.38,231.42,183.41,271.83,278.77,221.03,166.49,231.33,167.38,123.81,137.3,134.07,119.94
2006-12-01,171.28,118.64,213.17,180.44,241.43,129.82,239.3,231.71,184.74,270.28,279.71,220.7,167.01,230.31,167.63,124.49,137.64,134.64,119.76
2007-01-01,170.56,118.15,214.64,181.9,241.43,130.77,240.16,231.92,186.39,270.96,278.94,221.46,168.25,229.79,168.71,124.57,137.59,134.98,120.11
2007-02-01,171.26,117.87,214.9,183.11,241.81,131.31,238.94,231.85,188.03,270.12,279.8,220.89,169.48,230.46,169.59,125.23,137.44,135.61,120.33
2007-03-01,171.86,118.55,215.36,185.11,241.52,132.1,236.73,231.24,189.55,268.76,278.61,220.17,171.3,229.68,170.02,125.45,137.01,135.88,120.44
2007-04-01,171.73,116.69,213.49,185.44,238.61,132.89,234.65,228.69,189.98,266.45,276.12,218.16,168.8,226.74,169.95,125.66,136.56,136.11,119.23
2007-05-01,170.94,114.07,210.8,185.38,235.86,133.22,232.35,226.03,190.53,264.26,270.96,215.58,167.4,223.13,167.47,125.23,136.78,135.42,118.46
2007-06-01,169.71,111.47,207.98,184.63,232.45,133.65,229.9,222.17,190.38,261.38,266.11,212.65,165.9,219.48,164.8,124.93,136.82,134.92,117.14
2007-07-01,169.22,111.07,205.52,184.21,229.24,133.67,226.68,219.11,190.18,258.48,260.12,209.4,164.65,215.49,162.81,124.15,136.96,134.09,116.75
2007-08-01,167.98,109.74,204.53,183.46,226.41,133.86,223.59,214.88,189.58,254.79,253.95,206.32,162.92,210.64,161.29,123.99,136.82,133.55,115.78
2007-09-01,168.03,108.51,203.09,183.24,225.9,133.67,219.8,211.05,189.15,251.29,248.34,203.04,161.43,207.38,159.88,123.72,136.21,133.03,115.46
2007-10-01,167.4,106.55,199.64,183.14,225.4,133.48,215.35,206.31,187.86,246.96,243.02,198.01,160.28,204.76,158.48,123.47,134.73,132.67,114.62
2007-11-01,166.94,104.16,194.67,182.55,222.99,132.9,209.04,200.74,186.44,239.15,236.4,192.41,159.59,202.06,156.47,122.4,133.0,131.34,112.87
2007-12-01,165.5,102.43,190.0,182.62,219.21,132.99,203.42,195.9,185.73,233.06,230.61,186.88,159.41,199.79,154.45,121.77,131.6,130.42,112.31
2008-01-01,164.75,100.36,186.63,181.08,215.67,133.23,199.93,186.85,184.46,226.26,225.01,181.18,157.5,195.89,152.01,120.64,130.93,129.7,110.12
2008-02-01,163.47,98.63,178.88,179.72,211.67,133.49,193.2,178.64,183.56,217.76,219.17,175.08,155.96,190.81,149.06,120.41,130.3,128.72,109.66
2008-03-01,162.26,97.86,172.67,178.06,207.79,133.28,188.24,171.2,181.76,210.61,210.8,169.73,155.27,185.3,147.01,121.47,130.4,127.53,109.44
2008-04-01,161.1,96.3,166.69,177.01,203.81,132.8,182.18,167.26,180.78,205.13,202.93,163.92,154.01,180.96,144.8,121.47,130.19,125.61,111.27
2008-05-01,160.58,94.73,162.59,175.63,199.87,132.89,178.47,162.17,178.43,199.45,194.51,158.54,152.07,178.12,143.42,121.29,130.12,124.65,108.97
2008-06-01,160.54,93.36,158.51,173.87,196.18,131.92,174.34,159.21,176.61,195.19,190.77,153.22,149.88,174.99,141.85,120.74,130.18,123.14,108.3
2008-07-01,159.66,92.3,154.07,171.74,192.64,131.15,169.87,154.28,174.2,190.67,186.21,147.99,147.57,173.16,140.81,120.82,130.24,121.92,107.21
2008-08-01,159.47,90.41,148.16,169.25,190.43,129.95,165.74,149.69,172.53,186.58,181.99,142.97,145.88,171.76,138.46,120.53,129.59,121.06,107.7
2008-09-01,158.2,87.78,142.79,167.29,186.8,128.89,161.88,145.34,170.3,181.83,177.42,138.25,144.25,168.6,136.47,120.32,128.73,120.06,107.99
2008-10-01,157.41,84.55,137.56,164.56,182.83,127.51,157.89,141.11,168.5,178.02,172.41,133.38,142.29,164.05,132.52,119.65,127.66,118.68,107.55
2008-11-01,154.81,82.5,134.64,161.64,179.53,125.86,155.08,137.12,165.52,174.87,168.47,129.16,139.48,159.88,130.54,118.34,127.31,116.68,107.06
2008-12-01,153.96,80.22,130.62,158.62,176.33,123.5,152.85,131.15,161.06,171.4,164.28,123.42,136.74,155.99,125.22,116.56,126.47,113.96,105.58
2009-01-01,152.69,77.65,126.64,155.94,174.18,122.56,150.17,126.04,157.14,167.95,158.79,117.93,132.13,150.57,121.4,114.83,124.44,111.47,104.7
2009-02-01,151.82,75.41,124.01,154.13,171.42,121.25,149.16,121.99,155.83,165.54,154.77,113.53,129.37,147.53,119.41,114.96,123.21,109.42,100.62
2009-03-01,149.73,73.09,121.25,151.1,170.06,121.03,146.84,117.81,152.3,163.79,150.48,108.72,127.42,144.22,113.82,114.8,123.38,108.13,99.91
2009-04-01,149.05,72.27,120.15,148.88,169.69,119.6,145.72,113.46,150.53,161.6,147.95,106.13,126.0,142.52,113.48,115.33,123.74,107.34,99.67
2009-05-01,149.17,71.81,119.9,146.97,170.04,119.49,145.37,110.3,148.57,159.86,145.68,104.27,125.85,141.05,112.67,116.1,124.02,106.16,102.14
2009-06-01,150.83,69.93,123.36,147.35,171.77,119.07,146.47,107.59,147.86,160.36,145.95,104.64,124.51,140.44,113.77,117.82,125.27,105.93,104.76
2009-07-01,151.34,69.31,126.12,147.65,173.52,119.27,148.89,105.89,147.1,162.2,146.32,105.78,125.97,140.84,116.57,118.68,126.29,107.04,105.52
2009-08-01,152.33,69.65,129.21,147.86,175.71,118.64,151.01,104.95,146.95,164.17,147.28,107.03,126.51,140.86,119.2,118.89,126.99,107.84,104.35
2009-09-01,152.75,70.58,131.47,147.5,177.31,118.4,152.69,103.82,146.6,165.48,148.33,108.1,128.16,140.16,121.1,118.87,127.25,108.62,103.9
2009-10-01,153.08,71.38,133.96,148.07,178.03,118.56,154.14,103.55,147.54,166.82,148.3,109.36,127.46,139.07,121.51,119.06,127.54,109.14,103.88
2009-11-01,154.02,71.57,136.04,149.54,178.52,118.95,155.67,103.55,147.9,168.82,148.19,110.87,127.67,139.03,122.07,120.19,127.96,109.78,104.46
2009-12-01,154.77,72.03,136.99,150.19,179.75,118.95,156.92,104.16,148.54,171.53,148.14,112.12,127.1,139.12,122.69,120.12,128.04,109.83,104.38
2010-01-01,155.01,72.1,138.45,149.58,179.97,118.81,159.07,104.05,148.02,174.54,148.34,112.61,126.76,139.73,123.77,119.66,127.88,109.33,105.28
2010-02-01,154.65,71.47,139.43,147.01,180.46,118.26,160.54,104.12,147.55,174.54,148.33,111.66,126.19,138.98,123.25,118.1,127.88,108.8,104.66
2010-03-01,155.72,70.14,141.27,147.1,180.19,116.33,162.83,103.68,147.07,173.77,148.13,111.29,125.24,139.31,122.22,118.36,128.45,107.14,106.75
2010-04-01,156.51,70.43,141.77,148.38,182.2,116.9,162.74,103.77,146.36,174.16,147.31,111.65,124.54,139.12,125.06,119.23,129.06,107.69,106.46
2010-05-01,156.42,70.18,141.46,147.88,183.01,116.06,163.33,103.09,146.18,175.22,147.34,111.6,124.15,138.87,125.9,119.4,128.33,107.88,105.79
2010-06-01,155.69,70.34,140.56,147.48,183.94,115.76,162.85,101.98,144.88,174.87,147.22,110.73,124.1,137.74,125.62,118.99,127.38,107.58,105.39
2010-07-01,155.19,70.01,139.76,145.72,183.63,115.1,162.73,100.71,144.33,174.19,146.49,109.32,123.19,135.95,123.38,118.06,126.17,106.52,104.71
2010-08-01,154.37,69.31,139.05,144.27,182.71,114.49,161.46,100.18,143.16,172.81,145.56,107.51,122.01,134.71,122.15,116.78,125.58,105.22,103.82
2010-09-01,153.26,68.24,138.69,142.03,182.52,114.0,160.32,100.27,142.71,172.65,144.17,106.11,120.46,134.15,119.52,115.75,125.22,103.73,101.96
2010-10-01,152.87,67.66,137.07,140.35,182.89,113.6,158.68,99.94,141.57,172.45,143.38,104.88,119.0,133.81,118.34,115.43,125.29,102.48,101.18
2010-11-01,152.96,67.31,136.86,139.25,183.36,113.81,159.68,100.03,141.04,172.54,143.2,104.0,118.22,133.19,117.1,115.23,124.74,101.52,99.84
2010-12-01,153.63,67.73,136.79,138.63,184.09,113.58,159.6,99.33,139.89,171.38,142.87,102.95,118.04,131.23,116.68,115.98,125.03,101.44,100.87
2011-01-01,154.28,68.01,136.55,138.17,184.33,112.98,159.31,99.44,138.4,171.6,141.55,102.37,117.69,130.66,114.74,116.34,124.99,102.67,101.14
2011-02-01,153.2,68.51,135.04,136.91,184.2,112.33,157.69,99.02,136.91,171.15,139.49,102.2,117.14,130.2,113.09,116.58,124.61,103.98,101.65
2011-03-01,151.6,67.83,134.27,135.93,182.55,110.39,156.47,98.21,136.14,170.91,139.22,101.74,116.13,129.43,110.43,115.12,123.45,103.87,100.24
2011-04-01,149.92,67.13,133.7,134.73,181.07,111.06,155.65,97.32,136.32,170.36,139.03,101.56,114.12,128.17,110.94,114.2,123.68,103.72,99.58
2011-05-01,151.21,67.47,133.32,134.35,180.68,111.5,154.83,96.21,135.69,169.33,139.32,100.74,114.02,127.37,111.13,113.69,123.85,102.61,98.96
2011-06-01,152.25,69.59,132.55,133.25,180.62,112.1,154.04,95.75,135.35,168.63,139.41,100.3,114.57,127.37,111.89,113.92,124.16,101.96,98.76
2011-07-01,151.99,71.24,131.72,133.27,181.49,111.69,153.1,95.2,134.68,167.87,139.48,99.62,114.48,127.13,112.52,114.3,123.5,100.94,99.11
2011-08-01,151.52,71.19,131.59,133.23,181.55,111.34,152.57,94.34,134.32,166.67,138.79,99.29,114.48,126.69,112.05,114.64,123.69,98.33,98.96
2011-09-01,151.35,71.65,130.64,133.86,182.55,111.48,151.79,92.97,133.35,165.44,138.44,99.35,114.03,125.24,111.93,114.8,123.57,93.55,98.9
2011-10-01,151.39,71.03,130.85,133.69,180.98,111.16,151.61,91.51,132.92,164.02,137.74,99.7,113.26,125.68,111.61,114.88,124.19,90.57,98.83
2011-11-01,150.66,70.98,129.6,132.75,180.97,110.59,151.08,90.99,132.28,163.4,137.14,100.51,111.44,125.22,111.94,114.46,124.59,89.72,98.81
2011-12-01,149.76,70.28,129.65,133.39,179.73,110.24,151.01,90.67,132.36,162.75,137.74,101.96,110.65,125.91,111.86,114.51,124.6,88.72,98.56
2012-01-01,150.04,70.85,128.74,132.44,180.14,110.05,151.01,90.47,133.13,162.57,139.11,103.72,110.06,125.83,112.81,114.82,125.12,87.54,97.45
2012-02-01,149.66,70.91,129.8,132.87,178.77,110.77,151.65,90.64,133.17,162.49,140.82,105.5,109.19,126.56,114.04,115.43,125.18,86.16,97.21
2012-03-01,150.09,71.09,130.2,132.11,181.16,111.55,152.29,90.78,134.32,162.71,142.75,107.75,108.12,127.77,114.32,116.74,126.44,85.56,97.73
2012-04-01,149.94,70.71,131.59,133.36,183.38,112.26,152.74,91.61,135.0,164.07,143.21,110.01,107.79,129.24,115.45,117.25,127.1,85.96,98.39
2012-05-01,150.75,73.04,133.78,134.86,185.66,112.51,152.95,93.07,136.26,165.76,143.78,112.12,110.43,130.47,115.94,117.93,128.24,87.58,99.45
2012-06-01,152.13,75.05,136.2,137.11,186.97,113.01,153.62,93.91,137.51,167.32,145.25,114.1,112.32,131.49,118.09,118.12,129.19,89.48,99.95
2012-07-01,153.31,76.05,137.82,137.44,187.39,113.63,154.4,94.17,138.53,168.47,146.71,116.15,112.99,131.72,119.84,118.56,130.23,90.78,99.78
2012-08-01,154.14,76.8,138.66,137.96,187.79,114.45,155.5,95.11,138.7,170.2,148.05,118.01,112.33,131.93,120.39,118.91,130.68,92.23,100.22
2012-09-01,154.13,77.4,140.54,138.66,188.02,114.46,158.11,96.52,139.74,172.17,148.83,119.7,112.11,132.64,121.6,119.88,131.95,93.63,100.27
2012-10-01,153.87,78.78,142.71,140.59,188.38,114.8,160.77,99.32,140.6,174.29,149.59,121.56,111.84,133.09,122.0,120.25,132.82,94.98,100.78
2012-11-01,154.07,79.84,146.3,141.74,189.02,115.4,163.26,100.18,142.33,176.2,151.03,123.63,112.6,133.88,123.99,121.17,134.36,96.63,100.81
2012-12-01,155.23,81.11,148.48,142.15,190.35,116.36,164.98,102.5,143.48,179.5,152.61,125.58,113.39,135.11,125.61,121.93,135.25,97.66,101.65
2013-01-01,156.19,82.1,151.55,143.62,191.05,117.33,165.88,104.35,144.81,182.42,154.21,127.79,114.0,137.41,127.02,122.82,136.48,99.4,102.0
2013-02-01,157.57,82.0,154.49,145.41,191.1,118.19,167.09,106.46,145.68,185.57,155.53,129.75,115.03,139.31,128.45,123.57,137.6,100.49,102.63
2013-03-01,160.0,84.85,159.07,148.92,195.02,119.9,170.79,109.42,148.53,189.79,157.96,131.77,116.57,142.71,128.48,124.56,138.65,101.88,103.18
2013-04-01,162.04,86.07,162.82,150.42,196.44,120.85,175.08,111.98,150.31,194.62,161.54,133.4,117.93,143.75,132.2,125.81,139.61,103.7,103.4
2013-05-01,161.86,87.97,166.21,151.6,197.46,121.34,179.33,114.66,152.31,197.33,163.95,135.05,119.69,144.59,131.97,126.83,140.61,105.05,103.35
2013-06-01,162.28,88.23,169.16,153.15,197.52,121.71,183.08,117.1,153.6,200.39,166.42,136.56,120.27,146.02,131.53,127.69,141.37,106.35,103.73
2013-07-01,162.94,88.76,171.89,154.22,198.63,121.89,185.91,119.94,155.67,203.43,166.7,138.12,121.59,148.19,131.24,128.69,142.88,107.53,103.77
2013-08-01,163.93,89.41,174.07,155.92,199.61,122.78,189.01,122.86,156.91,207.06,168.13,140.04,122.02,150.59,132.67,129.71,144.01,109.23,103.8
2013-09-01,165.65,90.77,176.81,157.33,201.28,123.26,191.15,124.63,158.21,209.74,170.2,142.09,122.93,151.99,133.88,130.76,145.08,111.12,104.79
2013-10-01,167.13,92.35,177.93,158.38,202.49,124.49,192.52,126.26,159.13,212.75,173.31,143.65,124.14,153.35,135.98,131.94,145.49,113.01,104.94
2013-11-01,169.2,93.66,180.46,159.57,204.0,124.85,193.75,127.58,160.07,214.48,176.09,144.43,125.18,154.97,137.12,133.24,146.34,114.48,105.69
2013-12-01,170.31,94.65,182.18,160.98,205.89,125.52,194.66,128.74,161.43,216.04,178.03,144.89,126.36,156.63,137.88,134.43,147.47,115.5,105.23
2014-01-01,170.52,95.03,186.73,162.69,207.34,125.82,198.1,130.4,162.13,216.99,179.74,145.42,126.47,157.92,138.86,135.12,148.66,116.08,106.02
2014-02-01,170.98,94.7,189.58,164.74,208.39,126.08,200.36,131.13,164.41,219.5,180.42,145.91,127.5,158.01,140.13,136.1,150.16,116.7,105.69
2014-03-01,172.96,97.99,192.8,166.36,211.27,125.81,202.93,132.53,165.69,221.68,183.33,146.24,130.1,157.99,143.02,136.96,151.24,118.01,107.18
2014-04-01,176.71,98.72,192.63,167.14,209.8,126.01,201.86,132.98,167.08,221.71,185.04,146.24,130.49,158.21,144.14,137.5,152.02,117.76,106.29
2014-05-01,175.22,98.42,191.97,166.72,208.55,126.74,201.68,133.9,166.45,221.36,185.28,145.99,129.75,159.11,142.8,137.67,152.16,116.66,105.81
2014-06-01,173.64,97.1,191.33,167.08,207.6,126.07,201.37,134.79,166.72,221.4,185.37,145.96,128.31,159.1,140.28,137.92,152.26,115.38,104.57
2014-07-01,172.23,95.94,189.91,166.75,206.06,126.24,201.07,135.13,166.7,221.49,184.95,145.96,126.67,158.8,138.39,138.28,152.41,114.69,104.67
2014-08-01,172.23,95.28,189.88,167.16,205.46,125.84,200.5,135.28,167.18,220.87,185.7,146.08,125.62,158.76,137.93,139.3,153.09,114.93,104.67
2014-09-01,173.13,94.94,191.22,167.82,205.23,127.29,200.58,136.06,167.75,221.43,187.63,146.27,125.8,160.17,137.94,140.46,154.14,116.06,105.43
2014-10-01,174.49,95.49,194.57,168.13,206.5,127.92,201.33,136.32,169.15,223.24,189.67,146.62,126.33,162.67,138.76,142.07,155.95,118.0,105.91
2014-11-01,175.88,96.08,196.82,170.06,207.36,128.99,203.31,137.45,169.76,225.71,191.24,147.33,127.48,165.43,139.04,143.42,157.27,120.06,106.32
2014-12-01,176.8,97.02,199.3,172.0,208.8,129.94,204.23,137.67,172.09,227.99,192.96,148.45,128.22,166.65,140.38,144.49,159.47,121.42,106.84
2015-01-01,178.6,97.9,201.46,174.51,210.0,131.27,208.21,138.18,173.22,229.35,194.74,149.23,129.67,166.87,141.83,145.98,161.09,121.79,107.66
